partner_id,n,labelled,fraud,band,noinsp,prior
SP3000,10.0,8.0,0.0,0.0,5.0,1.0
SP3001,42.0,31.0,0.0,1.0,9.0,21.0
SP3002,41.0,36.0,0.0,1.0,8.0,20.0
SP3003,36.0,32.0,0.0,0.0,3.0,7.0
SP3004,41.0,36.0,0.0,1.0,7.0,14.0
SP3005,34.0,26.0,0.0,2.0,11.0,11.0
SP3006,46.0,37.0,0.0,1.0,13.0,7.0
SP3007,20.0,14.0,0.0,2.0,9.0,5.0
SP3008,31.0,29.0,0.0,0.0,7.0,11.0
SP3009,27.0,16.0,0.0,2.0,12.0,13.0
SP3010,17.0,12.0,0.0,1.0,11.0,6.0
SP3011,16.0,8.0,0.0,1.0,14.0,8.0
SP3012,52.0,47.0,0.0,0.0,11.0,13.0
SP3013,40.0,37.0,0.0,1.0,10.0,14.0
SP3014,10.0,4.0,0.0,1.0,6.0,1.0
SP3015,42.0,34.0,0.0,2.0,14.0,8.0
SP3016,41.0,34.0,0.0,1.0,9.0,13.0
SP3017,41.0,35.0,0.0,1.0,11.0,13.0
SP3018,38.0,31.0,1.0,1.0,11.0,9.0
SP3019,45.0,35.0,0.0,0.0,12.0,13.0
SP3020,34.0,30.0,0.0,1.0,8.0,8.0
SP3021,37.0,27.0,0.0,2.0,17.0,22.0
SP3022,41.0,33.0,0.0,1.0,11.0,12.0
SP3023,34.0,27.0,0.0,2.0,10.0,8.0
SP3024,33.0,27.0,0.0,2.0,9.0,13.0
SP3025,40.0,31.0,0.0,1.0,16.0,9.0
SP3026,57.0,40.0,0.0,1.0,22.0,16.0
SP3027,16.0,13.0,1.0,0.0,7.0,5.0
SP3028,50.0,42.0,0.0,3.0,11.0,15.0
SP3029,47.0,40.0,1.0,0.0,11.0,15.0
SP3030,36.0,32.0,0.0,2.0,9.0,16.0
SP3031,27.0,23.0,0.0,2.0,7.0,8.0
SP3032,46.0,37.0,0.0,0.0,12.0,17.0
SP3033,41.0,36.0,0.0,0.0,5.0,11.0
SP3034,46.0,41.0,0.0,0.0,6.0,11.0
SP3035,39.0,30.0,0.0,3.0,12.0,10.0
SP3036,37.0,33.0,0.0,0.0,6.0,14.0
SP3037,2.0,0.0,0.0,0.0,1.0,1.0
SP3038,41.0,36.0,0.0,2.0,11.0,14.0
SP3039,18.0,11.0,0.0,0.0,7.0,3.0
SP3040,53.0,46.0,0.0,0.0,12.0,22.0
SP3041,41.0,38.0,0.0,1.0,8.0,17.0
SP3042,41.0,38.0,0.0,1.0,9.0,20.0
SP3043,36.0,31.0,0.0,1.0,9.0,5.0
SP3044,37.0,33.0,0.0,0.0,7.0,7.0
SP3045,30.0,23.0,0.0,1.0,11.0,9.0
SP3046,36.0,32.0,0.0,2.0,5.0,9.0
SP3047,51.0,42.0,0.0,2.0,16.0,14.0
SP3048,22.0,18.0,0.0,0.0,8.0,7.0
SP3049,41.0,39.0,0.0,0.0,9.0,11.0
SP3050,13.0,10.0,0.0,2.0,7.0,1.0
SP3051,46.0,40.0,0.0,1.0,13.0,19.0
SP3052,28.0,23.0,0.0,2.0,8.0,7.0
SP3053,33.0,31.0,0.0,0.0,8.0,17.0
SP3054,38.0,34.0,0.0,1.0,11.0,14.0
SP3055,40.0,34.0,0.0,2.0,13.0,7.0
SP3056,43.0,34.0,0.0,1.0,9.0,14.0
SP3057,31.0,25.0,1.0,0.0,8.0,18.0
SP3058,34.0,31.0,0.0,1.0,5.0,8.0
SP3059,25.0,16.0,0.0,1.0,7.0,9.0
SP3060,29.0,27.0,0.0,3.0,10.0,13.0
SP3061,43.0,34.0,1.0,1.0,11.0,13.0
SP3062,35.0,31.0,0.0,3.0,6.0,8.0
SP3063,40.0,32.0,0.0,0.0,10.0,8.0
SP3064,34.0,27.0,0.0,1.0,10.0,14.0
SP3065,35.0,29.0,1.0,2.0,7.0,10.0
SP3066,27.0,21.0,0.0,1.0,9.0,7.0
SP3067,40.0,29.0,0.0,1.0,14.0,9.0
SP3068,41.0,35.0,0.0,0.0,7.0,11.0
SP3069,43.0,33.0,0.0,0.0,14.0,14.0
SP3070,38.0,34.0,0.0,1.0,6.0,9.0
SP3071,25.0,23.0,1.0,2.0,8.0,8.0
SP3072,42.0,38.0,0.0,0.0,5.0,3.0
SP3073,35.0,28.0,0.0,0.0,8.0,10.0
SP3074,27.0,22.0,0.0,0.0,6.0,7.0
SP3075,30.0,25.0,0.0,2.0,8.0,14.0
SP3076,36.0,28.0,0.0,2.0,10.0,9.0
SP3077,38.0,30.0,0.0,2.0,8.0,13.0
SP3078,36.0,30.0,0.0,1.0,10.0,14.0
SP3079,47.0,41.0,0.0,0.0,10.0,14.0
SP3080,35.0,29.0,0.0,1.0,12.0,11.0
SP3081,32.0,27.0,0.0,2.0,11.0,12.0
SP3082,40.0,36.0,0.0,2.0,10.0,10.0
SP3083,45.0,40.0,0.0,2.0,8.0,13.0
SP3084,32.0,27.0,0.0,0.0,3.0,10.0
SP3085,13.0,7.0,0.0,1.0,9.0,3.0
SP3086,43.0,35.0,0.0,0.0,15.0,10.0
SP3087,45.0,41.0,0.0,0.0,7.0,13.0
SP3088,39.0,30.0,0.0,1.0,9.0,18.0
SP3089,49.0,32.0,0.0,2.0,22.0,15.0
SP3090,2.0,0.0,0.0,0.0,1.0,1.0
SP3091,25.0,23.0,0.0,1.0,5.0,7.0
SP3092,37.0,29.0,0.0,2.0,7.0,14.0
SP3093,30.0,25.0,0.0,1.0,8.0,11.0
SP3094,48.0,38.0,0.0,4.0,14.0,19.0
SP3095,42.0,36.0,10.0,0.0,11.0,26.0
SP3096,47.0,39.0,0.0,1.0,16.0,10.0
SP3097,56.0,42.0,0.0,1.0,15.0,9.0
SP3098,36.0,29.0,0.0,1.0,12.0,16.0
SP3099,30.0,25.0,0.0,0.0,8.0,9.0
SP3100,38.0,32.0,0.0,1.0,11.0,10.0
SP3101,32.0,26.0,0.0,0.0,7.0,7.0
SP3102,50.0,41.0,0.0,1.0,14.0,16.0
SP3103,44.0,34.0,9.0,1.0,10.0,27.0
SP3104,50.0,45.0,0.0,0.0,14.0,14.0
SP3105,19.0,9.0,0.0,1.0,10.0,7.0
SP3106,47.0,44.0,0.0,1.0,12.0,10.0
SP3107,12.0,4.0,0.0,1.0,7.0,3.0
SP3108,44.0,33.0,0.0,2.0,15.0,12.0
SP3109,32.0,27.0,0.0,2.0,9.0,10.0
SP3110,41.0,37.0,1.0,0.0,12.0,11.0
SP3111,40.0,32.0,0.0,2.0,11.0,13.0
SP3112,38.0,30.0,0.0,2.0,11.0,9.0
SP3113,36.0,31.0,0.0,1.0,8.0,12.0
SP3114,41.0,34.0,0.0,1.0,7.0,20.0
SP3115,21.0,18.0,0.0,0.0,9.0,2.0
SP3116,33.0,28.0,1.0,3.0,7.0,18.0
SP3117,38.0,35.0,1.0,1.0,7.0,5.0
SP3118,19.0,2.0,2.0,0.0,19.0,13.0
SP3119,47.0,39.0,0.0,0.0,12.0,18.0
SP3120,36.0,31.0,0.0,1.0,13.0,11.0
SP3121,38.0,36.0,1.0,0.0,8.0,15.0
SP3122,48.0,36.0,1.0,2.0,13.0,20.0
SP3123,29.0,23.0,0.0,1.0,12.0,5.0
SP3124,34.0,27.0,0.0,2.0,10.0,5.0
SP3125,34.0,31.0,0.0,3.0,10.0,7.0
SP3126,28.0,25.0,0.0,0.0,4.0,13.0
SP3127,38.0,32.0,0.0,0.0,5.0,11.0
SP3128,39.0,35.0,0.0,0.0,6.0,10.0
SP3129,40.0,25.0,4.0,6.0,20.0,16.0
SP3130,48.0,43.0,1.0,2.0,12.0,21.0
SP3131,31.0,28.0,0.0,1.0,8.0,6.0
SP3132,42.0,34.0,0.0,1.0,12.0,11.0
SP3133,43.0,38.0,0.0,2.0,10.0,9.0
SP3134,45.0,35.0,0.0,0.0,15.0,12.0
SP3135,38.0,33.0,0.0,0.0,7.0,9.0
SP3136,37.0,28.0,0.0,3.0,14.0,12.0
SP3137,47.0,42.0,0.0,2.0,9.0,10.0
SP3138,36.0,31.0,0.0,0.0,7.0,4.0
SP3139,44.0,39.0,0.0,1.0,13.0,14.0
SP3140,39.0,32.0,0.0,2.0,10.0,11.0
SP3141,42.0,36.0,0.0,0.0,16.0,8.0
SP3142,38.0,31.0,0.0,1.0,10.0,10.0
SP3143,40.0,31.0,0.0,1.0,10.0,12.0
SP3144,34.0,33.0,0.0,0.0,11.0,6.0
SP3145,25.0,22.0,0.0,2.0,2.0,5.0
SP3146,44.0,40.0,0.0,0.0,10.0,11.0
SP3147,29.0,27.0,0.0,2.0,6.0,5.0
SP3148,46.0,36.0,0.0,2.0,15.0,11.0
SP3149,14.0,2.0,0.0,0.0,9.0,3.0
SP3150,49.0,42.0,0.0,1.0,13.0,16.0
SP3151,31.0,23.0,0.0,3.0,8.0,8.0
SP3152,35.0,32.0,0.0,3.0,4.0,11.0
SP3153,45.0,39.0,0.0,0.0,15.0,12.0
SP3154,42.0,34.0,0.0,2.0,9.0,22.0
SP3155,27.0,22.0,1.0,3.0,8.0,3.0
SP3156,7.0,1.0,0.0,0.0,6.0,3.0
SP3157,34.0,30.0,0.0,0.0,7.0,8.0
SP3158,42.0,39.0,0.0,0.0,5.0,12.0
SP3159,43.0,36.0,0.0,0.0,12.0,17.0
SP3160,53.0,39.0,10.0,3.0,23.0,22.0
SP3161,34.0,32.0,0.0,1.0,7.0,13.0
SP3162,36.0,32.0,0.0,1.0,9.0,12.0
SP3163,48.0,39.0,0.0,2.0,12.0,16.0
SP3164,39.0,33.0,0.0,0.0,11.0,12.0
SP3165,39.0,34.0,0.0,1.0,8.0,16.0
SP3166,45.0,42.0,0.0,2.0,6.0,11.0
SP3167,38.0,30.0,0.0,0.0,9.0,12.0
SP3168,54.0,44.0,0.0,3.0,12.0,31.0
SP3169,43.0,37.0,0.0,1.0,12.0,12.0
SP3170,15.0,7.0,0.0,2.0,11.0,5.0
SP3171,53.0,46.0,0.0,2.0,12.0,17.0
SP3172,37.0,28.0,0.0,1.0,9.0,9.0
SP3173,38.0,29.0,0.0,1.0,11.0,8.0
SP3174,7.0,4.0,0.0,0.0,5.0,3.0
SP3175,47.0,41.0,0.0,3.0,13.0,13.0
SP3176,40.0,31.0,0.0,1.0,16.0,11.0
SP3177,41.0,35.0,0.0,3.0,13.0,13.0
SP3178,48.0,40.0,2.0,1.0,8.0,12.0
SP3179,38.0,35.0,0.0,3.0,5.0,13.0
SP3180,53.0,43.0,0.0,2.0,13.0,14.0
SP3181,46.0,40.0,0.0,1.0,11.0,12.0
SP3182,40.0,35.0,0.0,2.0,6.0,8.0
SP3183,41.0,33.0,0.0,1.0,11.0,11.0
SP3184,5.0,0.0,0.0,0.0,4.0,4.0
SP3185,46.0,39.0,0.0,2.0,10.0,11.0
SP3186,41.0,33.0,0.0,1.0,12.0,10.0
SP3187,30.0,25.0,0.0,1.0,8.0,8.0
SP3188,35.0,31.0,0.0,0.0,8.0,8.0
SP3189,38.0,34.0,0.0,2.0,8.0,11.0
SP3190,47.0,35.0,0.0,4.0,18.0,14.0
SP3191,3.0,0.0,0.0,0.0,3.0,1.0
SP3192,46.0,41.0,0.0,1.0,11.0,6.0
SP3193,48.0,41.0,0.0,1.0,14.0,14.0
SP3194,20.0,14.0,0.0,0.0,9.0,3.0
SP3195,35.0,28.0,1.0,0.0,6.0,13.0
SP3196,39.0,38.0,0.0,1.0,7.0,21.0
SP3197,35.0,26.0,1.0,2.0,10.0,8.0
SP3198,39.0,35.0,0.0,3.0,4.0,10.0
SP3199,62.0,53.0,0.0,1.0,21.0,17.0
SP3200,49.0,43.0,0.0,2.0,11.0,13.0
SP3201,38.0,32.0,0.0,2.0,9.0,9.0
SP3202,48.0,43.0,0.0,0.0,6.0,18.0
SP3203,29.0,25.0,0.0,1.0,9.0,16.0
SP3204,30.0,26.0,1.0,1.0,5.0,7.0
SP3205,42.0,35.0,0.0,1.0,7.0,12.0
SP3206,36.0,27.0,0.0,1.0,11.0,9.0
SP3207,44.0,39.0,13.0,1.0,12.0,19.0
SP3208,44.0,34.0,0.0,2.0,16.0,8.0
SP3209,41.0,29.0,0.0,5.0,13.0,14.0
SP3210,40.0,34.0,0.0,1.0,7.0,14.0
SP3211,51.0,41.0,0.0,3.0,15.0,15.0
SP3212,38.0,31.0,0.0,1.0,7.0,11.0
SP3213,44.0,38.0,0.0,0.0,9.0,9.0
SP3214,34.0,29.0,0.0,1.0,7.0,12.0
SP3215,41.0,28.0,0.0,2.0,16.0,14.0
SP3216,55.0,48.0,0.0,1.0,11.0,14.0
SP3217,47.0,40.0,0.0,0.0,14.0,15.0
SP3218,40.0,34.0,0.0,1.0,7.0,17.0
SP3219,36.0,23.0,0.0,0.0,12.0,10.0
SP3220,42.0,37.0,0.0,2.0,7.0,21.0
SP3221,16.0,11.0,0.0,0.0,8.0,3.0
SP3222,36.0,31.0,1.0,2.0,7.0,14.0
SP3223,14.0,10.0,0.0,1.0,7.0,0.0
SP3224,10.0,2.0,0.0,1.0,9.0,1.0
SP3225,31.0,25.0,0.0,1.0,7.0,7.0
SP3226,22.0,14.0,0.0,0.0,8.0,7.0
SP3227,34.0,28.0,0.0,0.0,9.0,11.0
SP3228,30.0,25.0,7.0,0.0,8.0,18.0
SP3229,6.0,0.0,0.0,1.0,6.0,3.0
SP3230,37.0,29.0,0.0,0.0,7.0,11.0
SP3231,14.0,8.0,0.0,0.0,5.0,3.0
SP3232,51.0,40.0,7.0,7.0,21.0,16.0
SP3233,11.0,4.0,0.0,1.0,8.0,4.0
SP3234,29.0,23.0,0.0,1.0,9.0,9.0
SP3235,41.0,31.0,0.0,1.0,12.0,13.0
SP3236,4.0,0.0,0.0,1.0,4.0,1.0
SP3237,30.0,25.0,0.0,0.0,7.0,11.0
SP3238,41.0,39.0,0.0,1.0,8.0,14.0
SP3239,15.0,11.0,0.0,1.0,6.0,5.0
SP3240,36.0,31.0,0.0,2.0,6.0,15.0
SP3241,42.0,38.0,0.0,2.0,7.0,18.0
SP3242,48.0,40.0,0.0,2.0,9.0,14.0
SP3243,32.0,28.0,0.0,0.0,5.0,7.0
SP3244,38.0,29.0,0.0,1.0,11.0,6.0
SP3245,18.0,14.0,0.0,1.0,7.0,5.0
SP3246,36.0,33.0,0.0,1.0,7.0,11.0
SP3247,33.0,31.0,0.0,2.0,5.0,10.0
SP3248,28.0,24.0,0.0,2.0,8.0,6.0
SP3249,39.0,32.0,0.0,2.0,12.0,10.0
SP3250,44.0,34.0,0.0,1.0,14.0,18.0
SP3251,42.0,36.0,0.0,2.0,5.0,15.0
SP3252,12.0,0.0,0.0,2.0,12.0,3.0
SP3253,38.0,31.0,0.0,1.0,7.0,18.0
SP3254,28.0,25.0,0.0,0.0,5.0,10.0
SP3255,43.0,35.0,0.0,1.0,6.0,10.0
SP3256,8.0,3.0,0.0,0.0,7.0,1.0
SP3257,37.0,32.0,0.0,0.0,3.0,22.0
SP3258,41.0,39.0,0.0,0.0,6.0,14.0
SP3259,43.0,35.0,1.0,5.0,12.0,13.0
SP3260,48.0,36.0,0.0,1.0,16.0,12.0
SP3261,38.0,30.0,0.0,2.0,11.0,9.0
SP3262,41.0,35.0,1.0,0.0,9.0,12.0
SP3263,43.0,33.0,0.0,2.0,12.0,18.0
SP3264,35.0,24.0,0.0,2.0,9.0,11.0
SP3265,39.0,34.0,0.0,0.0,11.0,8.0
SP3266,44.0,38.0,0.0,2.0,10.0,16.0
SP3267,39.0,37.0,0.0,1.0,8.0,17.0
SP3268,43.0,40.0,0.0,1.0,7.0,16.0
SP3269,52.0,41.0,1.0,0.0,17.0,17.0
SP3270,7.0,2.0,0.0,0.0,5.0,1.0
SP3271,39.0,32.0,0.0,2.0,9.0,12.0
SP3272,50.0,36.0,0.0,1.0,16.0,20.0
SP3273,38.0,30.0,0.0,0.0,11.0,8.0
SP3274,36.0,31.0,0.0,0.0,8.0,11.0
SP3275,53.0,41.0,1.0,2.0,16.0,15.0
SP3276,32.0,27.0,0.0,1.0,5.0,4.0
SP3277,35.0,32.0,0.0,0.0,6.0,9.0
SP3278,46.0,39.0,0.0,2.0,11.0,14.0
SP3279,45.0,39.0,0.0,1.0,10.0,17.0
SP3280,34.0,26.0,0.0,3.0,9.0,7.0
SP3281,24.0,20.0,0.0,1.0,6.0,7.0
SP3282,30.0,27.0,0.0,0.0,6.0,14.0
SP3283,7.0,4.0,0.0,0.0,6.0,1.0
SP3284,40.0,32.0,0.0,0.0,15.0,9.0
SP3285,40.0,34.0,0.0,0.0,10.0,16.0
SP3286,19.0,2.0,2.0,3.0,17.0,7.0
SP3287,8.0,0.0,0.0,2.0,8.0,4.0
SP3288,40.0,32.0,0.0,2.0,8.0,9.0
SP3289,45.0,30.0,0.0,3.0,14.0,8.0
SP3290,41.0,30.0,0.0,3.0,12.0,15.0
SP3291,47.0,39.0,2.0,2.0,10.0,14.0
SP3292,34.0,30.0,7.0,1.0,9.0,14.0
SP3293,37.0,32.0,2.0,1.0,9.0,16.0
SP3294,11.0,3.0,0.0,0.0,8.0,4.0
SP3295,8.0,6.0,0.0,0.0,6.0,2.0
SP3296,31.0,26.0,0.0,2.0,8.0,7.0
SP3297,53.0,42.0,0.0,0.0,13.0,18.0
SP3298,35.0,28.0,0.0,1.0,9.0,11.0
SP3299,43.0,35.0,0.0,1.0,10.0,8.0
SP3300,8.0,0.0,0.0,1.0,7.0,6.0
SP3301,39.0,31.0,0.0,1.0,11.0,9.0
SP3302,49.0,43.0,0.0,0.0,10.0,17.0
SP3303,41.0,32.0,0.0,2.0,6.0,10.0
SP3304,41.0,38.0,1.0,2.0,8.0,11.0
SP3305,18.0,11.0,0.0,0.0,12.0,4.0
SP3306,43.0,38.0,1.0,0.0,11.0,13.0
SP3307,10.0,0.0,0.0,2.0,10.0,5.0
SP3308,41.0,33.0,0.0,3.0,10.0,13.0
SP3309,45.0,39.0,0.0,1.0,9.0,11.0
SP3310,30.0,25.0,0.0,2.0,9.0,8.0
SP3311,10.0,6.0,0.0,1.0,3.0,3.0
SP3312,40.0,32.0,0.0,2.0,10.0,12.0
SP3313,5.0,2.0,0.0,0.0,5.0,1.0
SP3314,43.0,32.0,0.0,3.0,13.0,12.0
SP3315,21.0,13.0,0.0,2.0,14.0,4.0
SP3316,4.0,0.0,0.0,0.0,3.0,0.0
SP3317,35.0,32.0,2.0,1.0,8.0,15.0
SP3318,44.0,29.0,5.0,5.0,24.0,14.0
SP3319,25.0,14.0,3.0,3.0,17.0,9.0
SP3320,29.0,23.0,0.0,0.0,9.0,5.0
SP3321,52.0,43.0,0.0,3.0,12.0,6.0
SP3322,35.0,26.0,0.0,2.0,10.0,7.0
SP3323,43.0,39.0,1.0,1.0,7.0,8.0
SP3324,40.0,31.0,1.0,0.0,11.0,8.0
SP3325,49.0,40.0,0.0,3.0,10.0,19.0
SP3326,33.0,28.0,0.0,2.0,10.0,9.0
SP3327,37.0,29.0,0.0,1.0,9.0,11.0
SP3328,44.0,36.0,0.0,0.0,10.0,16.0
SP3329,40.0,35.0,0.0,1.0,9.0,15.0
SP3330,49.0,44.0,0.0,2.0,8.0,16.0
SP3331,44.0,35.0,0.0,0.0,10.0,12.0
SP3332,40.0,34.0,0.0,1.0,5.0,8.0
SP3333,34.0,25.0,0.0,2.0,9.0,8.0
SP3334,29.0,26.0,1.0,0.0,8.0,11.0
SP3335,42.0,33.0,0.0,1.0,14.0,11.0
SP3336,35.0,30.0,0.0,2.0,9.0,16.0
SP3337,42.0,34.0,0.0,1.0,11.0,18.0
SP3338,34.0,32.0,1.0,0.0,7.0,10.0
SP3339,41.0,39.0,0.0,1.0,9.0,10.0
SP3340,33.0,26.0,0.0,0.0,11.0,5.0
SP3341,38.0,32.0,0.0,2.0,6.0,10.0
SP3342,40.0,34.0,0.0,2.0,7.0,12.0
SP3343,45.0,36.0,0.0,0.0,13.0,24.0
SP3344,3.0,0.0,0.0,0.0,1.0,1.0
SP3345,43.0,36.0,0.0,3.0,12.0,8.0
SP3346,10.0,0.0,0.0,0.0,6.0,1.0
SP3347,32.0,27.0,0.0,1.0,5.0,13.0
SP3348,45.0,35.0,0.0,2.0,11.0,10.0
SP3349,47.0,40.0,0.0,3.0,12.0,8.0
SP3350,37.0,33.0,9.0,1.0,8.0,23.0
SP3351,40.0,36.0,0.0,1.0,9.0,17.0
SP3352,44.0,40.0,0.0,1.0,7.0,12.0
SP3353,13.0,5.0,0.0,1.0,9.0,5.0
SP3354,40.0,37.0,0.0,2.0,7.0,10.0
SP3355,48.0,43.0,0.0,2.0,10.0,14.0
SP3356,43.0,39.0,0.0,0.0,9.0,16.0
SP3357,4.0,0.0,0.0,1.0,4.0,1.0
SP3358,52.0,44.0,1.0,1.0,11.0,26.0
SP3359,38.0,28.0,0.0,2.0,10.0,14.0
SP3360,52.0,47.0,0.0,0.0,10.0,21.0
SP3361,35.0,31.0,0.0,1.0,5.0,6.0
SP3362,42.0,37.0,0.0,2.0,9.0,15.0
SP3363,40.0,34.0,0.0,1.0,4.0,6.0
SP3364,34.0,28.0,0.0,1.0,9.0,10.0
SP3365,45.0,32.0,1.0,2.0,16.0,11.0
SP3366,30.0,24.0,0.0,0.0,6.0,7.0
SP3367,26.0,23.0,0.0,4.0,7.0,1.0
SP3368,39.0,33.0,0.0,2.0,7.0,11.0
SP3369,47.0,43.0,0.0,0.0,8.0,16.0
SP3370,40.0,32.0,0.0,0.0,8.0,11.0
SP3371,40.0,29.0,1.0,1.0,18.0,13.0
SP3372,32.0,31.0,0.0,1.0,1.0,11.0
SP3373,43.0,37.0,1.0,0.0,11.0,11.0
SP3374,35.0,30.0,0.0,0.0,6.0,9.0
SP3375,9.0,5.0,0.0,1.0,6.0,4.0
SP3376,44.0,38.0,12.0,2.0,8.0,27.0
SP3377,41.0,38.0,0.0,2.0,6.0,12.0
SP3378,41.0,35.0,0.0,1.0,10.0,17.0
SP3379,46.0,40.0,1.0,0.0,10.0,11.0
