claim_id,score
WC711348,0.004814
WC711349,0.001952
WC711350,0.013503
WC711351,0.004909
WC711352,0.006036
WC711353,0.004343
WC711354,0.00488
WC711355,0.003995
WC711356,0.007503
WC711357,0.005904
WC711358,0.00249
WC711359,0.003857
WC711360,0.002268
WC711361,0.013876
WC711362,0.008969
WC711363,0.002922
WC711364,0.003476
WC711365,0.001917
WC711366,0.019631
WC711367,0.00403
WC711368,0.006828
WC711369,0.002845
WC711370,0.009061
WC711371,0.30663
WC711372,0.003311
WC711373,0.007327
WC711374,0.013557
WC711375,0.026558
WC711376,0.004595
WC711377,0.019728
WC711378,0.009316
WC711379,0.0076
WC711380,0.009393
WC711381,0.007259
WC711382,0.048302
WC711383,0.087958
WC711384,0.011919
WC711385,0.007328
WC711386,0.008344
WC711387,0.003324
WC711388,0.002518
WC711389,0.088287
WC711390,0.007333
WC711391,0.008851
WC711392,0.006071
WC711393,0.108106
WC711394,0.007718
WC711395,0.007392
WC711396,0.002045
WC711397,0.00621
WC711398,0.007366
WC711399,0.00501
WC711400,0.002198
WC711401,0.015274
WC711402,0.002627
WC711403,0.00922
WC711404,0.018741
WC711405,0.002004
WC711406,0.025803
WC711407,0.036943
WC711408,0.005246
WC711409,0.01011
WC711410,0.023026
WC711411,0.01244
WC711412,0.001913
WC711413,0.00198
WC711414,0.003634
WC711415,0.023543
WC711416,0.005552
WC711417,0.003414
WC711418,0.64776
WC711419,0.005858
WC711420,0.02203
WC711421,0.007779
WC711422,0.015563
WC711423,0.001971
WC711424,0.003649
WC711425,0.006313
WC711426,0.009254
WC711427,0.321929
WC711428,0.00383
WC711429,0.008998
WC711430,0.00986
WC711431,0.001349
WC711432,0.002645
WC711433,0.010416
WC711434,0.004699
WC711435,0.003974
WC711436,0.012198
WC711437,0.009494
WC711438,0.003627
WC711439,0.007006
WC711440,0.006465
WC711441,0.011739
WC711442,0.005775
WC711443,0.059273
WC711444,0.010591
WC711445,0.181438
WC711446,0.015628
WC711447,0.008033
WC711448,0.009771
WC711449,0.008587
WC711450,0.007695
WC711451,0.006323
WC711452,0.001802
WC711453,0.005801
WC711454,0.022824
WC711455,0.046041
WC711456,0.030673
WC711457,0.007033
WC711458,0.005039
WC711459,0.020042
WC711460,0.004089
WC711461,0.00217
WC711462,0.003954
WC711463,0.004739
WC711464,0.045627
WC711465,0.005385
WC711466,0.023848
WC711467,0.396855
WC711468,0.05786
WC711469,0.009448
WC711470,0.002749
WC711471,0.07056
WC711472,0.006002
WC711473,0.007997
WC711474,0.00321
WC711475,0.012875
WC711476,0.011269
WC711477,0.001999
WC711478,0.017195
WC711479,0.004237
WC711480,0.008922
WC711481,0.00704
WC711482,0.053425
WC711483,0.022879
WC711484,0.004986
WC711485,0.031507
WC711486,0.014407
WC711487,0.005065
WC711488,0.009448
WC711489,0.006977
WC711490,0.003255
WC711491,0.007773
WC711492,0.005474
WC711493,0.018187
WC711494,0.009968
WC711495,0.003866
WC711496,0.567619
WC711497,0.070172
WC711498,0.003718
WC711499,0.011773
WC711500,0.011481
WC711501,0.004013
WC711502,0.004713
WC711503,0.005585
WC711504,0.006554
WC711505,0.008211
WC711506,0.00395
WC711507,0.003851
WC711508,0.00271
WC711509,0.026451
WC711510,0.022682
WC711511,0.024374
WC711512,0.003957
WC711513,0.008306
WC711514,0.017452
WC711515,0.004709
WC711516,0.015908
WC711517,0.016875
WC711518,0.010191
WC711519,0.02094
WC711520,0.00611
WC711521,0.002659
WC711522,0.007156
WC711523,0.01445
WC711524,0.008489
WC711525,0.009189
WC711526,0.010275
WC711527,0.007611
WC711528,0.004063
WC711529,0.004067
WC711530,0.003952
WC711531,0.007237
WC711532,0.004799
WC711533,0.003512
WC711534,0.005897
WC711535,0.012138
WC711536,0.002249
WC711537,0.007556
WC711538,0.060517
WC711539,0.005968
WC711540,0.010542
WC711541,0.004883
WC711542,0.003292
WC711543,0.006553
WC711544,0.004199
WC711545,0.00583
WC711546,0.010769
WC711547,0.008825
WC711548,0.008287
WC711549,0.004298
WC711550,0.021288
WC711551,0.002598
WC711552,0.125787
WC711553,0.003156
WC711554,0.005555
WC711555,0.015505
WC711556,0.00385
WC711557,0.001883
WC711558,0.005104
WC711559,0.014736
WC711560,0.04453
WC711561,0.008875
WC711562,0.006165
WC711563,0.016548
WC711564,0.023847
WC711565,0.00245
WC711566,0.672203
WC711567,0.037916
WC711568,0.004517
WC711569,0.004666
WC711570,0.703079
WC711571,0.658493
WC711572,0.005906
WC711573,0.002305
WC711574,0.01238
WC711575,0.002225
WC711576,0.008181
WC711577,0.006707
WC711578,0.003809
WC711579,0.003476
WC711580,0.009572
WC711581,0.001829
WC711582,0.00536
WC711583,0.610316
WC711584,0.008659
WC711585,0.002107
WC711586,0.008499
WC711587,0.005165
WC711588,0.015518
WC711589,0.006379
WC711590,0.007081
WC711591,0.005635
WC711592,0.01021
WC711593,0.002567
WC711594,0.011595
WC711595,0.005397
WC711596,0.009711
WC711597,0.019035
WC711598,0.002606
WC711599,0.005354
WC711600,0.007411
WC711601,0.020594
WC711602,0.002838
WC711603,0.008746
WC711604,0.00788
WC711605,0.003169
WC711606,0.057857
WC711607,0.004245
WC711608,0.069222
WC711609,0.00368
WC711610,0.008056
WC711611,0.018916
WC711612,0.006634
WC711613,0.004523
WC711614,0.009691
WC711615,0.04363
WC711616,0.019956
WC711617,0.012781
WC711618,0.003251
WC711619,0.009791
WC711620,0.003117
WC711621,0.006776
WC711622,0.003837
WC711623,0.005179
WC711624,0.067182
WC711625,0.006417
WC711626,0.090301
WC711627,0.023916
WC711628,0.019786
WC711629,0.003742
WC711630,0.005393
WC711631,0.004383
WC711632,0.022191
WC711633,0.015947
WC711634,0.005447
WC711635,0.003386
WC711636,0.008909
WC711637,0.005516
WC711638,0.020927
WC711639,0.005019
WC711640,0.012629
WC711641,0.003553
WC711642,0.003408
WC711643,0.007748
WC711644,0.004906
WC711645,0.00234
WC711646,0.007879
WC711647,0.010629
WC711648,0.005099
WC711649,0.008749
WC711650,0.006629
WC711651,0.00825
WC711652,0.002623
WC711653,0.003073
WC711654,0.011851
WC711655,0.006837
WC711656,0.014644
WC711657,0.103474
WC711658,0.772099
WC711659,0.018216
WC711660,0.006529
WC711661,0.02882
WC711662,0.001917
WC711663,0.008021
WC711664,0.014366
WC711665,0.006341
WC711666,0.003536
WC711667,0.014521
WC711668,0.002745
WC711669,0.010958
WC711670,0.532574
WC711671,0.00578
WC711672,0.00232
WC711673,0.007375
WC711674,0.004116
WC711675,0.005261
WC711676,0.002207
WC711677,0.008167
WC711678,0.004363
WC711679,0.007112
WC711680,0.007779
WC711681,0.006321
WC711682,0.024064
WC711683,0.008572
WC711684,0.004651
WC711685,0.002663
WC711686,0.710038
WC711687,0.006598
WC711688,0.047961
WC711689,0.009983
WC711690,0.008835
WC711691,0.0025
WC711692,0.067588
WC711693,0.031899
WC711694,0.033944
WC711695,0.004542
WC711696,0.004728
WC711697,0.102329
WC711698,0.00521
WC711699,0.010228
WC711700,0.002315
WC711701,0.09686
WC711702,0.01152
WC711703,0.456436
WC711704,0.029448
WC711705,0.003396
WC711706,0.149672
WC711707,0.012979
WC711708,0.002847
WC711709,0.014058
WC711710,0.004062
WC711711,0.002922
WC711712,0.016769
WC711713,0.021446
WC711714,0.011811
WC711715,0.003575
WC711716,0.010045
WC711717,0.002655
WC711718,0.003967
WC711719,0.004395
WC711720,0.011535
WC711721,0.004915
WC711722,0.01792
WC711723,0.004937
WC711724,0.080467
WC711725,0.00484
WC711726,0.10735
WC711727,0.006997
WC711728,0.014051
WC711729,0.007548
WC711730,0.003501
WC711731,0.001573
WC711732,0.025445
WC711733,0.017653
WC711734,0.020718
WC711735,0.004931
WC711736,0.005584
WC711737,0.006494
WC711738,0.003433
WC711739,0.006494
WC711740,0.033923
WC711741,0.010126
WC711742,0.002524
WC711743,0.013143
WC711744,0.009345
WC711745,0.002959
WC711746,0.003469
WC711747,0.019073
WC711748,0.010815
WC711749,0.002
WC711750,0.007329
WC711751,0.008395
WC711752,0.728373
WC711753,0.005259
WC711754,0.006824
WC711755,0.376568
WC711756,0.007055
WC711757,0.007352
WC711758,0.003853
WC711759,0.00466
WC711760,0.007051
WC711761,0.003579
WC711762,0.004804
WC711763,0.003002
WC711764,0.033238
WC711765,0.0582
WC711766,0.012529
WC711767,0.686022
WC711768,0.094536
WC711769,0.030401
WC711770,0.005181
WC711771,0.003072
WC711772,0.004574
WC711773,0.026792
WC711774,0.017366
WC711775,0.14666
WC711776,0.002255
WC711777,0.003662
WC711778,0.009472
WC711779,0.02057
WC711780,0.002496
WC711781,0.01241
WC711782,0.020303
WC711783,0.004315
WC711784,0.005735
WC711785,0.012619
WC711786,0.003728
WC711787,0.006581
WC711788,0.00291
WC711789,0.009332
WC711790,0.003274
WC711791,0.009611
WC711792,0.002501
WC711793,0.004271
WC711794,0.025465
WC711795,0.022243
WC711796,0.015173
WC711797,0.004441
WC711798,0.004444
WC711799,0.005227
WC711800,0.037155
WC711801,0.003668
WC711802,0.079111
WC711803,0.008926
WC711804,0.002667
WC711805,0.01896
WC711806,0.055062
WC711807,0.011184
WC711808,0.008794
WC711809,0.006238
WC711810,0.66986
WC711811,0.004199
WC711812,0.006476
WC711813,0.003072
WC711814,0.007928
WC711815,0.002461
WC711816,0.008254
WC711817,0.012948
WC711818,0.261582
WC711819,0.013181
WC711820,0.035433
WC711821,0.002299
WC711822,0.008113
WC711823,0.092695
WC711824,0.002788
WC711825,0.007481
WC711826,0.003339
WC711827,0.009388
WC711828,0.004104
WC711829,0.003381
WC711830,0.004009
WC711831,0.00494
WC711832,0.009472
WC711833,0.002758
WC711834,0.013411
WC711835,0.003915
WC711836,0.006329
WC711837,0.010161
WC711838,0.004487
WC711839,0.001972
WC711840,0.022817
WC711841,0.019811
WC711842,0.00396
WC711843,0.003121
WC711844,0.005906
WC711845,0.020491
WC711846,0.01346
WC711847,0.006187
WC711848,0.010843
WC711849,0.002662
WC711850,0.018281
WC711851,0.008282
WC711852,0.006478
WC711853,0.002731
WC711854,0.003343
WC711855,0.009369
WC711856,0.003532
WC711857,0.014798
WC711858,0.006787
WC711859,0.004546
WC711860,0.098755
WC711861,0.66867
WC711862,0.016353
WC711863,0.006694
WC711864,0.007342
WC711865,0.010423
WC711866,0.015416
WC711867,0.029042
WC711868,0.011462
WC711869,0.012921
WC711870,0.003748
WC711871,0.007082
WC711872,0.003263
WC711873,0.002233
WC711874,0.026109
WC711875,0.006621
WC711876,0.017947
WC711877,0.00399
WC711878,0.004357
WC711879,0.082004
WC711880,0.00369
WC711881,0.003801
WC711882,0.006239
WC711883,0.002644
WC711884,0.008978
WC711885,0.003526
WC711886,0.013188
WC711887,0.766571
WC711888,0.057758
WC711889,0.005978
WC711890,0.00247
WC711891,0.008932
WC711892,0.002981
WC711893,0.01024
WC711894,0.001515
WC711895,0.015071
WC711896,0.003985
WC711897,0.00798
WC711898,0.059381
WC711899,0.006234
WC711900,0.003392
WC711901,0.025964
WC711902,0.012106
WC711903,0.011588
WC711904,0.010086
WC711905,0.008296
WC711906,0.005937
WC711907,0.653644
WC711908,0.237179
WC711909,0.006356
WC711910,0.006083
WC711911,0.003891
WC711912,0.00902
WC711913,0.006274
WC711914,0.013295
WC711915,0.00665
WC711916,0.002635
WC711917,0.006812
WC711918,0.010063
WC711919,0.005936
WC711920,0.012077
WC711921,0.003962
WC711922,0.027867
WC711923,0.006155
WC711924,0.009196
WC711925,0.009468
WC711926,0.003062
WC711927,0.002924
WC711928,0.005291
WC711929,0.016208
WC711930,0.014259
WC711931,0.006918
WC711932,0.003694
WC711933,0.012281
WC711934,0.002806
WC711935,0.714937
WC711936,0.005654
WC711937,0.003289
WC711938,0.002609
WC711939,0.002211
WC711940,0.003729
WC711941,0.020094
WC711942,0.027397
WC711943,0.004658
WC711944,0.007414
WC711945,0.009947
WC711946,0.656198
WC711947,0.007958
WC711948,0.009301
WC711949,0.003812
WC711950,0.191775
WC711951,0.006969
WC711952,0.015306
WC711953,0.007774
WC711954,0.007068
WC711955,0.011487
WC711956,0.047369
WC711957,0.004539
WC711958,0.004414
WC711959,0.003339
WC711960,0.06687
WC711961,0.01866
WC711962,0.002588
WC711963,0.171438
WC711964,0.116449
WC711965,0.009028
WC711966,0.003444
WC711967,0.003604
WC711968,0.001961
WC711969,0.010822
WC711970,0.005267
WC711971,0.03771
WC711972,0.005387
WC711973,0.002248
WC711974,0.007652
WC711975,0.012651
WC711976,0.094126
WC711977,0.007567
WC711978,0.005133
WC711979,0.007273
WC711980,0.004226
WC711981,0.005464
WC711982,0.003323
WC711983,0.018919
WC711984,0.710443
WC711985,0.002123
WC711986,0.009088
WC711987,0.005812
WC711988,0.004862
WC711989,0.003901
WC711990,0.004393
WC711991,0.008299
WC711992,0.009231
WC711993,0.008219
WC711994,0.003071
WC711995,0.00241
WC711996,0.00564
WC711997,0.010047
WC711998,0.002674
WC711999,0.005344
WC712000,0.126602
WC712001,0.003606
WC712002,0.011826
WC712003,0.005344
WC712004,0.013224
WC712005,0.00547
WC712006,0.003639
WC712007,0.003743
WC712008,0.006673
WC712009,0.012184
WC712010,0.076056
WC712011,0.010623
WC712012,0.719089
WC712013,0.020064
WC712014,0.002699
WC712015,0.013199
WC712016,0.050697
WC712017,0.005053
WC712018,0.005861
WC712019,0.003093
WC712020,0.005863
WC712021,0.084674
WC712022,0.007603
WC712023,0.013298
WC712024,0.007745
WC712025,0.013801
WC712026,0.003827
WC712027,0.689708
WC712028,0.022688
WC712029,0.002337
WC712030,0.010055
WC712031,0.016348
WC712032,0.078194
WC712033,0.00145
WC712034,0.003196
WC712035,0.005283
WC712036,0.005072
WC712037,0.007707
WC712038,0.004699
WC712039,0.079072
WC712040,0.004408
WC712041,0.008766
WC712042,0.003681
WC712043,0.032936
WC712044,0.009799
WC712045,0.005176
WC712046,0.013382
WC712047,0.006684
WC712048,0.013728
WC712049,0.003545
WC712050,0.006315
WC712051,0.012793
WC712052,0.007206
WC712053,0.031155
WC712054,0.088629
WC712055,0.006975
WC712056,0.012436
WC712057,0.137435
WC712058,0.007058
WC712059,0.008881
WC712060,0.002213
WC712061,0.03906
WC712062,0.010978
WC712063,0.00809
WC712064,0.015894
WC712065,0.006798
WC712066,0.00632
WC712067,0.078787
WC712068,0.010958
WC712069,0.008582
WC712070,0.004171
WC712071,0.010559
WC712072,0.003256
WC712073,0.123152
WC712074,0.009485
WC712075,0.004096
WC712076,0.128574
WC712077,0.008137
WC712078,0.005127
WC712079,0.031647
WC712080,0.019394
WC712081,0.005915
WC712082,0.004505
WC712083,0.008598
WC712084,0.071449
WC712085,0.005447
WC712086,0.053447
WC712087,0.002926
WC712088,0.006987
WC712089,0.009104
WC712090,0.002464
WC712091,0.148268
WC712092,0.660501
WC712093,0.003543
WC712094,0.014281
WC712095,0.00543
WC712096,0.002543
WC712097,0.137616
WC712098,0.004363
WC712099,0.040418
WC712100,0.003959
WC712101,0.002565
WC712102,0.011827
WC712103,0.005
WC712104,0.031498
WC712105,0.006293
WC712106,0.002977
WC712107,0.006576
WC712108,0.002227
WC712109,0.01078
WC712110,0.284247
WC712111,0.021622
WC712112,0.004583
WC712113,0.019385
WC712114,0.003673
WC712115,0.010849
WC712116,0.012597
WC712117,0.05189
WC712118,0.002742
WC712119,0.11343
WC712120,0.00181
WC712121,0.001587
WC712122,0.002127
WC712123,0.00421
WC712124,0.004306
WC712125,0.003327
WC712126,0.004677
WC712127,0.01825
WC712128,0.736962
WC712129,0.0111
WC712130,0.003972
WC712131,0.004433
WC712132,0.055896
WC712133,0.008031
WC712134,0.002933
WC712135,0.009443
WC712136,0.00621
WC712137,0.009136
WC712138,0.051331
WC712139,0.009468
WC712140,0.004328
WC712141,0.008747
WC712142,0.004535
WC712143,0.003317
WC712144,0.004028
WC712145,0.002907
WC712146,0.00834
WC712147,0.002723
WC712148,0.004603
WC712149,0.020989
WC712150,0.003028
WC712151,0.005327
WC712152,0.026558
WC712153,0.014002
WC712154,0.002021
WC712155,0.009308
WC712156,0.077714
WC712157,0.040393
WC712158,0.008054
WC712159,0.387934
WC712160,0.004335
WC712161,0.006225
WC712162,0.011145
WC712163,0.021034
WC712164,0.005033
WC712165,0.02025
WC712166,0.006364
WC712167,0.005091
WC712168,0.006684
WC712169,0.012107
WC712170,0.012318
WC712171,0.003057
WC712172,0.040561
WC712173,0.025949
WC712174,0.011243
WC712175,0.063577
WC712176,0.004167
WC712177,0.013052
WC712178,0.01462
WC712179,0.041715
WC712180,0.676188
WC712181,0.004481
WC712182,0.005835
WC712183,0.013097
WC712184,0.047619
WC712185,0.012715
WC712186,0.532919
WC712187,0.005375
WC712188,0.009728
WC712189,0.01748
WC712190,0.002617
WC712191,0.114466
WC712192,0.004005
WC712193,0.00248
WC712194,0.002311
WC712195,0.001893
WC712196,0.009182
WC712197,0.008278
WC712198,0.004624
WC712199,0.003367
WC712200,0.003567
WC712201,0.016071
WC712202,0.010756
WC712203,0.005963
WC712204,0.007759
WC712205,0.007724
WC712206,0.012754
WC712207,0.001934
WC712208,0.004436
WC712209,0.002885
WC712210,0.010277
WC712211,0.003255
WC712212,0.002583
WC712213,0.009654
WC712214,0.006041
WC712215,0.029764
WC712216,0.007893
WC712217,0.017682
WC712218,0.040589
WC712219,0.007511
WC712220,0.010135
WC712221,0.095889
WC712222,0.022009
WC712223,0.035121
WC712224,0.007522
WC712225,0.023714
WC712226,0.501831
WC712227,0.048833
WC712228,0.268244
WC712229,0.032958
WC712230,0.002426
WC712231,0.005328
WC712232,0.010463
WC712233,0.005792
WC712234,0.047571
WC712235,0.024426
WC712236,0.004403
WC712237,0.01094
WC712238,0.006516
WC712239,0.010217
WC712240,0.003234
WC712241,0.005175
WC712242,0.001769
WC712243,0.003324
WC712244,0.018938
WC712245,0.006567
WC712246,0.005679
WC712247,0.003405
WC712248,0.008795
WC712249,0.003291
WC712250,0.025641
WC712251,0.011243
WC712252,0.156872
WC712253,0.004081
WC712254,0.481968
WC712255,0.044295
WC712256,0.00805
WC712257,0.006381
WC712258,0.009213
WC712259,0.003153
WC712260,0.007821
WC712261,0.363898
WC712262,0.004039
WC712263,0.003369
WC712264,0.026414
WC712265,0.04551
WC712266,0.005185
WC712267,0.006108
WC712268,0.024552
WC712269,0.014269
WC712270,0.003302
WC712271,0.023925
WC712272,0.002642
WC712273,0.01516
WC712274,0.011919
WC712275,0.021681
WC712276,0.010359
WC712277,0.004023
WC712278,0.009695
WC712279,0.004742
WC712280,0.013353
WC712281,0.006303
WC712282,0.004726
WC712283,0.049623
WC712284,0.018364
WC712285,0.002446
WC712286,0.004301
WC712287,0.003135
WC712288,0.006775
WC712289,0.041143
WC712290,0.016911
WC712291,0.003345
WC712292,0.005611
WC712293,0.003594
WC712294,0.466938
WC712295,0.009479
WC712296,0.070305
WC712297,0.015082
WC712298,0.002622
WC712299,0.010679
WC712300,0.009081
WC712301,0.047845
WC712302,0.001962
WC712303,0.010567
WC712304,0.008978
WC712305,0.002944
WC712306,0.005526
WC712307,0.002559
WC712308,0.421891
WC712309,0.008458
WC712310,0.051884
WC712311,0.003134
WC712312,0.039252
WC712313,0.002156
WC712314,0.003723
WC712315,0.010262
WC712316,0.010901
WC712317,0.003943
WC712318,0.009965
WC712319,0.009019
WC712320,0.026272
WC712321,0.003764
WC712322,0.008341
WC712323,0.004578
WC712324,0.004492
WC712325,0.007999
WC712326,0.004811
WC712327,0.010614
WC712328,0.005768
WC712329,0.635144
WC712330,0.007445
WC712331,0.003928
WC712332,0.031885
WC712333,0.0044
WC712334,0.003518
WC712335,0.002928
WC712336,0.002123
WC712337,0.004501
WC712338,0.018277
WC712339,0.003275
WC712340,0.020137
WC712341,0.006628
WC712342,0.005575
WC712343,0.066981
WC712344,0.047352
WC712345,0.011627
WC712346,0.004911
WC712347,0.281499
WC712348,0.005645
WC712349,0.008244
WC712350,0.005185
WC712351,0.00293
WC712352,0.034865
WC712353,0.006803
WC712354,0.007751
WC712355,0.010416
WC712356,0.023055
WC712357,0.002315
WC712358,0.21101
WC712359,0.007747
WC712360,0.020186
WC712361,0.008742
WC712362,0.003566
WC712363,0.002304
WC712364,0.004499
WC712365,0.015128
WC712366,0.010695
WC712367,0.007722
WC712368,0.007664
WC712369,0.043451
WC712370,0.079641
WC712371,0.07147
WC712372,0.061755
WC712373,0.027277
WC712374,0.008963
WC712375,0.002842
WC712376,0.003013
WC712377,0.017079
WC712378,0.010798
WC712379,0.001902
WC712380,0.339144
WC712381,0.017084
WC712382,0.006176
WC712383,0.006023
WC712384,0.045557
WC712385,0.006418
WC712386,0.002938
WC712387,0.010898
WC712388,0.015585
WC712389,0.004128
WC712390,0.008002
WC712391,0.017037
WC712392,0.009919
WC712393,0.011025
WC712394,0.007801
WC712395,0.003021
WC712396,0.002727
WC712397,0.029576
WC712398,0.006854
WC712399,0.004195
WC712400,0.672056
WC712401,0.016368
WC712402,0.415891
WC712403,0.003612
WC712404,0.011934
WC712405,0.013529
WC712406,0.009642
WC712407,0.012585
WC712408,0.015016
WC712409,0.053452
WC712410,0.004687
WC712411,0.004454
WC712412,0.009433
WC712413,0.008523
WC712414,0.071001
WC712415,0.005361
WC712416,0.00793
WC712417,0.020249
WC712418,0.007316
WC712419,0.003553
WC712420,0.012443
WC712421,0.011334
WC712422,0.033814
WC712423,0.002238
WC712424,0.004312
WC712425,0.336045
WC712426,0.012909
WC712427,0.064261
WC712428,0.003474
WC712429,0.020999
WC712430,0.030269
WC712431,0.004801
WC712432,0.021196
WC712433,0.005524
WC712434,0.080814
WC712435,0.399415
WC712436,0.012217
WC712437,0.015759
WC712438,0.011023
WC712439,0.028944
WC712440,0.010917
WC712441,0.012941
WC712442,0.008742
WC712443,0.01145
WC712444,0.025061
WC712445,0.004284
WC712446,0.002553
WC712447,0.010418
WC712448,0.00762
WC712449,0.01684
WC712450,0.008227
WC712451,0.003406
WC712452,0.186227
WC712453,0.027087
WC712454,0.007187
WC712455,0.019653
WC712456,0.026083
WC712457,0.001419
WC712458,0.004623
WC712459,0.00853
WC712460,0.013464
WC712461,0.003534
WC712462,0.010821
WC712463,0.046861
WC712464,0.019529
WC712465,0.154289
WC712466,0.011446
WC712467,0.019232
WC712468,0.003178
WC712469,0.009051
WC712470,0.0072
WC712471,0.025804
WC712472,0.006654
WC712473,0.006636
WC712474,0.053168
WC712475,0.01754
WC712476,0.002536
WC712477,0.537907
WC712478,0.181221
WC712479,0.00509
WC712480,0.068974
WC712481,0.004188
WC712482,0.11993
WC712483,0.007872
WC712484,0.011443
WC712485,0.003123
WC712486,0.020016
WC712487,0.008804
WC712488,0.023098
WC712489,0.023903
WC712490,0.003377
WC712491,0.312397
WC712492,0.010022
WC712493,0.318094
WC712494,0.004217
WC712495,0.004342
WC712496,0.014311
WC712497,0.002859
WC712498,0.005064
WC712499,0.005916
WC712500,0.001863
WC712501,0.002991
WC712502,0.003978
WC712503,0.015386
WC712504,0.01685
WC712505,0.003065
WC712506,0.025047
WC712507,0.035808
WC712508,0.002913
WC712509,0.004353
WC712510,0.049221
WC712511,0.004709
WC712512,0.003526
WC712513,0.004946
WC712514,0.006279
WC712515,0.002927
WC712516,0.042123
WC712517,0.005421
WC712518,0.005964
WC712519,0.060411
WC712520,0.00647
WC712521,0.023421
WC712522,0.006601
WC712523,0.003742
WC712524,0.003956
WC712525,0.005737
WC712526,0.031322
WC712527,0.008792
WC712528,0.007962
WC712529,0.014742
WC712530,0.054069
WC712531,0.021788
WC712532,0.012093
WC712533,0.005775
WC712534,0.0186
WC712535,0.004766
WC712536,0.021124
WC712537,0.008778
WC712538,0.010021
WC712539,0.005657
WC712540,0.006068
WC712541,0.0064
WC712542,0.007109
WC712543,0.004315
WC712544,0.062223
WC712545,0.003075
WC712546,0.138358
WC712547,0.005341
WC712548,0.008171
WC712549,0.009533
WC712550,0.003307
WC712551,0.026436
WC712552,0.011644
WC712553,0.01084
WC712554,0.02272
WC712555,0.002849
WC712556,0.063313
WC712557,0.011057
WC712558,0.008213
WC712559,0.012347
WC712560,0.003172
WC712561,0.005
WC712562,0.00513
WC712563,0.006572
WC712564,0.003442
WC712565,0.03846
WC712566,0.010247
WC712567,0.068975
WC712568,0.009095
WC712569,0.00896
WC712570,0.0031
WC712571,0.036162
WC712572,0.019437
WC712573,0.008225
WC712574,0.007745
WC712575,0.00711
WC712576,0.005291
WC712577,0.030634
WC712578,0.338903
WC712579,0.010951
WC712580,0.004
WC712581,0.009501
WC712582,0.008459
WC712583,0.002963
WC712584,0.010083
WC712585,0.009039
WC712586,0.009405
WC712587,0.047969
WC712588,0.008627
WC712589,0.004872
WC712590,0.003846
WC712591,0.016004
WC712592,0.007399
WC712593,0.004034
WC712594,0.006661
WC712595,0.004375
WC712596,0.004704
WC712597,0.044982
WC712598,0.005719
WC712599,0.012407
WC712600,0.011126
WC712601,0.003505
WC712602,0.003004
WC712603,0.012162
WC712604,0.003229
WC712605,0.00456
WC712606,0.00433
WC712607,0.008702
WC712608,0.01349
WC712609,0.004454
WC712610,0.033898
WC712611,0.01258
WC712612,0.007497
WC712613,0.007362
WC712614,0.001847
WC712615,0.003865
WC712616,0.001669
WC712617,0.011513
WC712618,0.003116
WC712619,0.007249
WC712620,0.009499
WC712621,0.006138
WC712622,0.01234
WC712623,0.006022
WC712624,0.08904
WC712625,0.006937
WC712626,0.022642
WC712627,0.003164
WC712628,0.003841
WC712629,0.005575
WC712630,0.002185
WC712631,0.007355
WC712632,0.004942
WC712633,0.021501
WC712634,0.008561
WC712635,0.00322
WC712636,0.003969
WC712637,0.004027
WC712638,0.007624
WC712639,0.003311
WC712640,0.62809
WC712641,0.003831
WC712642,0.556658
WC712643,0.002877
WC712644,0.098883
WC712645,0.004422
WC712646,0.005308
WC712647,0.009027
WC712648,0.006216
WC712649,0.026992
WC712650,0.009352
WC712651,0.006375
WC712652,0.003829
WC712653,0.002443
WC712654,0.005162
WC712655,0.023482
WC712656,0.017591
WC712657,0.010407
WC712658,0.008123
WC712659,0.74561
WC712660,0.082876
WC712661,0.016858
WC712662,0.006478
WC712663,0.007464
WC712664,0.017699
WC712665,0.017615
WC712666,0.008997
WC712667,0.006184
WC712668,0.002389
WC712669,0.752516
WC712670,0.007236
WC712671,0.012929
WC712672,0.044345
WC712673,0.003785
WC712674,0.008722
WC712675,0.011299
WC712676,0.068391
WC712677,0.014226
WC712678,0.028235
WC712679,0.004485
WC712680,0.018434
WC712681,0.015829
WC712682,0.004985
WC712683,0.002215
WC712684,0.001654
WC712685,0.002115
WC712686,0.010643
WC712687,0.003042
WC712688,0.006018
WC712689,0.002587
WC712690,0.007121
WC712691,0.006197
WC712692,0.147772
WC712693,0.006395
WC712694,0.006099
WC712695,0.009426
WC712696,0.002855
WC712697,0.071141
WC712698,0.012228
WC712699,0.007985
WC712700,0.008783
WC712701,0.008249
WC712702,0.044243
WC712703,0.011218
WC712704,0.004197
WC712705,0.012163
WC712706,0.042276
WC712707,0.003107
WC712708,0.005153
WC712709,0.00989
WC712710,0.004581
WC712711,0.011101
WC712712,0.008408
WC712713,0.004761
WC712714,0.018255
WC712715,0.007261
WC712716,0.004129
WC712717,0.003577
WC712718,0.002429
WC712719,0.009401
WC712720,0.007209
WC712721,0.290154
WC712722,0.004644
WC712723,0.003305
WC712724,0.443681
WC712725,0.002366
WC712726,0.033467
WC712727,0.012147
WC712728,0.04736
WC712729,0.0064
WC712730,0.004335
WC712731,0.003258
WC712732,0.00263
WC712733,0.022493
WC712734,0.347338
WC712735,0.706636
WC712736,0.014562
WC712737,0.005852
WC712738,0.002727
WC712739,0.315097
WC712740,0.00271
WC712741,0.003081
WC712742,0.012694
WC712743,0.005783
WC712744,0.003429
WC712745,0.012824
WC712746,0.006584
WC712747,0.004209
WC712748,0.033407
WC712749,0.260756
WC712750,0.009425
WC712751,0.368416
WC712752,0.098844
WC712753,0.0031
WC712754,0.605753
WC712755,0.004193
WC712756,0.002511
WC712757,0.006639
WC712758,0.008475
WC712759,0.009033
WC712760,0.011444
WC712761,0.003128
WC712762,0.006934
WC712763,0.010805
WC712764,0.003784
WC712765,0.005597
WC712766,0.006216
WC712767,0.01448
WC712768,0.074245
WC712769,0.01342
WC712770,0.030478
WC712771,0.024244
WC712772,0.003138
WC712773,0.006966
WC712774,0.051797
WC712775,0.017391
WC712776,0.025688
WC712777,0.011394
WC712778,0.007793
WC712779,0.007075
WC712780,0.756247
WC712781,0.007169
WC712782,0.010168
WC712783,0.011931
WC712784,0.017781
WC712785,0.008367
WC712786,0.694331
WC712787,0.012248
WC712788,0.021282
WC712789,0.003956
WC712790,0.020444
WC712791,0.015536
WC712792,0.0016
WC712793,0.006836
WC712794,0.016861
WC712795,0.014367
WC712796,0.004421
WC712797,0.00382
WC712798,0.002761
WC712799,0.007236
WC712800,0.006472
WC712801,0.114941
WC712802,0.013834
WC712803,0.006159
WC712804,0.007
WC712805,0.08058
WC712806,0.369128
WC712807,0.004878
WC712808,0.002366
WC712809,0.007258
WC712810,0.342745
WC712811,0.008204
WC712812,0.528936
WC712813,0.595178
WC712814,0.007334
WC712815,0.004393
WC712816,0.006551
WC712817,0.027496
WC712818,0.091352
WC712819,0.005723
WC712820,0.019377
WC712821,0.005425
WC712822,0.024966
WC712823,0.006081
WC712824,0.001739
WC712825,0.019219
WC712826,0.004774
WC712827,0.009355
WC712828,0.012864
WC712829,0.007161
WC712830,0.00486
WC712831,0.013041
WC712832,0.542647
WC712833,0.041034
WC712834,0.005666
WC712835,0.017946
WC712836,0.002431
WC712837,0.005188
WC712838,0.010234
WC712839,0.008192
WC712840,0.012192
WC712841,0.007723
WC712842,0.007957
WC712843,0.00828
WC712844,0.029154
WC712845,0.003883
WC712846,0.010475
WC712847,0.007632
WC712848,0.006491
WC712849,0.004063
WC712850,0.011115
WC712851,0.008822
WC712852,0.013267
WC712853,0.006011
WC712854,0.019743
WC712855,0.045934
WC712856,0.004236
WC712857,0.003842
WC712858,0.04139
WC712859,0.003299
WC712860,0.011774
WC712861,0.010712
WC712862,0.090046
WC712863,0.003698
WC712864,0.002172
WC712865,0.006471
WC712866,0.006441
WC712867,0.003733
WC712868,0.009302
WC712869,0.009814
WC712870,0.002845
WC712871,0.007434
WC712872,0.003387
WC712873,0.001802
WC712874,0.006602
WC712875,0.008995
WC712876,0.005185
WC712877,0.018486
WC712878,0.01183
WC712879,0.009384
WC712880,0.002703
WC712881,0.024403
WC712882,0.002958
WC712883,0.020015
WC712884,0.006206
WC712885,0.013896
WC712886,0.010785
WC712887,0.019496
WC712888,0.009259
WC712889,0.006773
WC712890,0.00274
WC712891,0.019465
WC712892,0.447924
WC712893,0.017173
WC712894,0.009749
WC712895,0.0329
WC712896,0.060578
WC712897,0.002846
WC712898,0.018811
WC712899,0.011305
WC712900,0.011711
WC712901,0.004391
WC712902,0.017339
WC712903,0.068359
WC712904,0.010831
WC712905,0.010372
WC712906,0.015377
WC712907,0.628402
WC712908,0.013218
WC712909,0.006877
WC712910,0.016133
WC712911,0.006987
WC712912,0.008171
WC712913,0.004314
WC712914,0.008968
WC712915,0.027053
WC712916,0.042316
WC712917,0.012266
WC712918,0.448675
WC712919,0.011915
WC712920,0.03283
WC712921,0.571265
WC712922,0.02309
WC712923,0.006982
WC712924,0.00732
WC712925,0.003755
WC712926,0.012482
WC712927,0.011689
WC712928,0.021703
WC712929,0.005588
WC712930,0.007795
WC712931,0.006743
WC712932,0.005406
WC712933,0.0288
WC712934,0.003893
WC712935,0.002921
WC712936,0.032265
WC712937,0.02447
WC712938,0.351879
WC712939,0.002559
WC712940,0.008026
WC712941,0.002993
WC712942,0.010222
WC712943,0.035718
WC712944,0.003796
WC712945,0.00495
WC712946,0.002098
WC712947,0.002707
WC712948,0.015746
WC712949,0.010523
WC712950,0.00888
WC712951,0.214184
WC712952,0.00489
WC712953,0.003787
WC712954,0.005741
WC712955,0.079933
WC712956,0.081136
WC712957,0.014255
WC712958,0.020573
WC712959,0.00282
WC712960,0.00878
WC712961,0.00854
WC712962,0.013854
WC712963,0.009128
WC712964,0.004457
WC712965,0.005485
WC712966,0.004139
WC712967,0.005619
WC712968,0.002439
WC712969,0.004774
WC712970,0.004836
WC712971,0.008442
WC712972,0.569529
WC712973,0.007683
WC712974,0.009237
WC712975,0.014194
WC712976,0.018674
WC712977,0.007612
WC712978,0.027131
WC712979,0.056186
WC712980,0.010425
WC712981,0.0056
WC712982,0.036846
WC712983,0.005788
WC712984,0.003806
WC712985,0.002456
WC712986,0.010991
WC712987,0.007976
WC712988,0.024182
WC712989,0.004559
WC712990,0.121611
WC712991,0.02462
WC712992,0.005461
WC712993,0.002854
WC712994,0.003021
WC712995,0.002085
WC712996,0.002082
WC712997,0.004961
WC712998,0.004616
WC712999,0.006015
WC713000,0.004743
WC713001,0.004581
WC713002,0.00709
WC713003,0.013115
WC713004,0.004017
WC713005,0.019114
WC713006,0.009009
WC713007,0.005337
WC713008,0.039383
WC713009,0.005643
WC713010,0.007108
WC713011,0.006564
WC713012,0.004331
WC713013,0.002847
WC713014,0.002259
WC713015,0.002971
WC713016,0.004123
WC713017,0.009947
WC713018,0.003528
WC713019,0.011375
WC713020,0.500011
WC713021,0.001975
WC713022,0.012423
WC713023,0.008955
WC713024,0.013336
WC713025,0.00455
WC713026,0.003812
WC713027,0.389098
WC713028,0.00249
WC713029,0.359898
WC713030,0.015026
WC713031,0.020508
WC713032,0.055584
WC713033,0.009916
WC713034,0.004776
WC713035,0.005298
WC713036,0.005526
WC713037,0.013869
WC713038,0.002327
WC713039,0.004642
WC713040,0.618523
WC713041,0.002818
WC713042,0.003513
WC713043,0.009048
WC713044,0.008646
WC713045,0.00349
WC713046,0.002964
WC713047,0.02301
WC713048,0.071551
WC713049,0.016597
WC713050,0.009704
WC713051,0.003316
WC713052,0.51259
WC713053,0.029664
WC713054,0.005101
WC713055,0.011964
WC713056,0.629607
WC713057,0.006578
WC713058,0.351637
WC713059,0.005527
WC713060,0.002008
WC713061,0.005856
WC713062,0.005882
WC713063,0.012778
WC713064,0.0167
WC713065,0.028658
WC713066,0.011411
WC713067,0.002359
WC713068,0.007581
WC713069,0.008093
WC713070,0.024859
WC713071,0.103251
WC713072,0.006437
WC713073,0.005605
WC713074,0.006543
WC713075,0.014158
WC713076,0.004996
WC713077,0.004165
WC713078,0.004841
WC713079,0.063998
WC713080,0.002697
WC713081,0.004211
WC713082,0.004761
WC713083,0.012273
WC713084,0.005789
WC713085,0.007826
WC713086,0.006836
WC713087,0.00838
WC713088,0.009004
WC713089,0.005173
WC713090,0.023707
WC713091,0.008068
WC713092,0.017844
WC713093,0.004678
WC713094,0.00461
WC713095,0.002371
WC713096,0.018378
WC713097,0.002966
WC713098,0.440372
WC713099,0.013432
WC713100,0.014369
WC713101,0.012142
WC713102,0.004494
WC713103,0.020317
WC713104,0.083325
WC713105,0.001978
WC713106,0.005668
WC713107,0.013146
WC713108,0.00988
WC713109,0.006592
WC713110,0.0045
WC713111,0.005126
WC713112,0.007264
WC713113,0.004545
WC713114,0.003348
WC713115,0.010055
WC713116,0.022339
WC713117,0.697826
WC713118,0.151762
WC713119,0.007254
WC713120,0.009104
WC713121,0.011198
WC713122,0.636254
WC713123,0.002822
WC713124,0.004485
WC713125,0.008033
WC713126,0.00154
WC713127,0.017322
WC713128,0.003188
WC713129,0.012909
WC713130,0.043628
WC713131,0.005949
WC713132,0.013157
WC713133,0.014012
WC713134,0.023895
WC713135,0.008482
WC713136,0.005578
WC713137,0.016201
WC713138,0.006755
WC713139,0.001796
WC713140,0.636715
WC713141,0.005199
WC713142,0.001613
WC713143,0.012521
WC713144,0.008932
WC713145,0.027037
WC713146,0.012681
WC713147,0.016864
WC713148,0.003545
WC713149,0.02171
WC713150,0.01615
WC713151,0.018196
WC713152,0.009519
WC713153,0.005168
WC713154,0.020137
WC713155,0.178803
WC713156,0.014477
WC713157,0.42655
WC713158,0.006476
WC713159,0.01934
WC713160,0.020504
WC713161,0.005961
WC713162,0.006533
WC713163,0.00372
WC713164,0.003452
WC713165,0.003519
WC713166,0.009315
WC713167,0.002809
WC713168,0.007168
WC713169,0.029155
WC713170,0.00202
WC713171,0.023325
WC713172,0.016836
WC713173,0.005238
WC713174,0.005209
WC713175,0.008448
WC713176,0.0037
WC713177,0.008371
WC713178,0.004373
WC713179,0.030454
WC713180,0.038092
WC713181,0.009881
WC713182,0.010063
WC713183,0.007277
WC713184,0.008091
WC713185,0.008354
WC713186,0.005933
WC713187,0.006653
WC713188,0.00276
WC713189,0.024144
WC713190,0.008908
WC713191,0.626746
WC713192,0.003419
WC713193,0.027627
WC713194,0.020981
WC713195,0.00414
WC713196,0.006085
WC713197,0.014844
WC713198,0.010549
WC713199,0.013255
WC713200,0.006116
WC713201,0.00244
WC713202,0.014859
WC713203,0.012188
WC713204,0.062895
WC713205,0.190185
WC713206,0.002199
WC713207,0.010156
WC713208,0.010735
WC713209,0.001487
WC713210,0.025094
WC713211,0.005849
WC713212,0.004068
WC713213,0.261111
WC713214,0.004859
WC713215,0.009672
WC713216,0.018793
WC713217,0.002017
WC713218,0.010441
WC713219,0.006098
WC713220,0.00232
WC713221,0.005194
WC713222,0.314461
WC713223,0.250916
WC713224,0.377833
WC713225,0.056435
WC713226,0.005911
WC713227,0.002689
WC713228,0.04026
WC713229,0.032898
WC713230,0.001801
WC713231,0.009254
WC713232,0.003807
WC713233,0.006089
WC713234,0.003693
WC713235,0.004634
WC713236,0.019149
WC713237,0.012343
WC713238,0.026539
WC713239,0.009048
WC713240,0.023635
WC713241,0.006554
WC713242,0.005534
WC713243,0.011404
WC713244,0.009068
WC713245,0.01198
WC713246,0.014642
WC713247,0.007136
WC713248,0.021537
WC713249,0.002779
WC713250,0.026063
WC713251,0.005112
WC713252,0.003928
WC713253,0.055714
WC713254,0.004451
WC713255,0.006386
WC713256,0.003726
WC713257,0.002848
WC713258,0.009489
WC713259,0.020851
WC713260,0.058953
WC713261,0.004019
WC713262,0.029349
WC713263,0.006493
WC713264,0.078762
WC713265,0.018496
WC713266,0.018537
WC713267,0.007659
WC713268,0.010631
WC713269,0.021886
WC713270,0.004405
WC713271,0.012032
WC713272,0.015389
WC713273,0.003074
WC713274,0.013778
WC713275,0.021008
WC713276,0.009355
WC713277,0.008218
WC713278,0.006825
WC713279,0.007163
WC713280,0.005548
WC713281,0.010203
WC713282,0.004172
WC713283,0.026012
WC713284,0.014512
WC713285,0.005615
WC713286,0.014398
WC713287,0.005074
WC713288,0.01234
WC713289,0.057784
WC713290,0.008264
WC713291,0.005184
WC713292,0.028973
WC713293,0.011268
WC713294,0.017895
WC713295,0.00545
WC713296,0.010396
WC713297,0.002196
WC713298,0.008466
WC713299,0.005922
WC713300,0.119594
WC713301,0.012031
WC713302,0.011773
WC713303,0.007422
WC713304,0.00993
WC713305,0.003189
WC713306,0.006038
WC713307,0.01263
WC713308,0.013401
WC713309,0.008133
WC713310,0.019728
WC713311,0.002706
WC713312,0.003296
WC713313,0.009266
WC713314,0.00465
WC713315,0.005441
WC713316,0.026274
WC713317,0.009417
WC713318,0.008764
WC713319,0.002221
WC713320,0.012623
WC713321,0.034473
WC713322,0.012606
WC713323,0.002139
WC713324,0.00343
WC713325,0.077283
WC713326,0.008153
WC713327,0.002235
WC713328,0.010954
WC713329,0.007166
WC713330,0.003878
WC713331,0.049577
WC713332,0.003382
WC713333,0.004788
WC713334,0.06734
WC713335,0.005263
WC713336,0.002947
WC713337,0.004741
WC713338,0.001933
WC713339,0.002302
WC713340,0.0418
WC713341,0.020598
WC713342,0.179254
WC713343,0.004491
WC713344,0.004299
WC713345,0.009991
WC713346,0.014903
WC713347,0.006988
WC713348,0.008484
WC713349,0.033009
WC713350,0.008125
WC713351,0.024744
WC713352,0.012545
WC713353,0.005307
WC713354,0.003868
WC713355,0.007943
WC713356,0.008329
WC713357,0.003394
WC713358,0.0302
WC713359,0.015926
WC713360,0.003996
WC713361,0.011727
WC713362,0.162589
WC713363,0.006215
WC713364,0.010497
WC713365,0.00751
WC713366,0.017399
WC713367,0.27418
WC713368,0.004511
WC713369,0.00233
WC713370,0.003665
WC713371,0.004934
WC713372,0.035433
WC713373,0.0059
WC713374,0.007098
WC713375,0.014992
WC713376,0.015828
WC713377,0.025306
WC713378,0.012032
WC713379,0.004295
WC713380,0.006887
WC713381,0.001745
WC713382,0.006634
WC713383,0.012883
WC713384,0.011932
WC713385,0.005382
WC713386,0.009374
WC713387,0.01465
WC713388,0.095807
WC713389,0.006474
WC713390,0.014374
WC713391,0.004061
WC713392,0.372021
WC713393,0.004769
WC713394,0.002257
WC713395,0.00907
WC713396,0.00481
WC713397,0.02783
WC713398,0.004928
WC713399,0.009173
WC713400,0.005136
WC713401,0.008304
WC713402,0.00702
WC713403,0.669805
WC713404,0.021866
WC713405,0.003438
WC713406,0.017163
WC713407,0.027706
WC713408,0.007049
WC713409,0.011077
WC713410,0.004906
WC713411,0.006059
WC713412,0.009169
WC713413,0.157135
WC713414,0.006012
WC713415,0.011852
WC713416,0.00412
WC713417,0.019085
WC713418,0.606741
WC713419,0.007366
WC713420,0.008361
WC713421,0.00398
WC713422,0.005637
WC713423,0.024252
WC713424,0.13217
WC713425,0.005011
WC713426,0.01489
WC713427,0.002493
WC713428,0.002207
WC713429,0.006383
WC713430,0.016323
WC713431,0.007256
WC713432,0.00285
WC713433,0.010069
WC713434,0.003806
WC713435,0.034168
WC713436,0.004849
WC713437,0.004951
WC713438,0.154248
WC713439,0.222635
WC713440,0.007788
WC713441,0.002919
WC713442,0.00528
WC713443,0.015686
WC713444,0.004545
WC713445,0.002332
WC713446,0.018929
WC713447,0.011803
WC713448,0.007393
WC713449,0.010952
WC713450,0.004999
WC713451,0.004894
WC713452,0.202929
WC713453,0.009636
WC713454,0.017907
WC713455,0.649904
WC713456,0.014415
WC713457,0.009405
WC713458,0.025193
WC713459,0.012157
WC713460,0.003748
WC713461,0.023991
WC713462,0.00287
WC713463,0.005727
WC713464,0.009117
WC713465,0.008893
WC713466,0.006424
WC713467,0.01614
WC713468,0.005876
WC713469,0.003508
WC713470,0.003407
WC713471,0.006014
WC713472,0.005487
WC713473,0.61163
WC713474,0.004422
WC713475,0.004138
WC713476,0.03858
WC713477,0.013068
WC713478,0.005201
WC713479,0.008846
WC713480,0.001569
WC713481,0.004568
WC713482,0.004396
WC713483,0.019538
WC713484,0.007494
WC713485,0.012236
WC713486,0.006449
WC713487,0.010596
WC713488,0.013774
WC713489,0.008725
WC713490,0.003303
WC713491,0.002997
WC713492,0.143347
WC713493,0.005568
WC713494,0.003518
WC713495,0.024827
WC713496,0.035784
WC713497,0.312264
WC713498,0.013107
WC713499,0.001759
WC713500,0.008043
WC713501,0.007149
WC713502,0.015633
WC713503,0.007176
WC713504,0.007314
WC713505,0.004496
WC713506,0.013896
WC713507,0.019015
WC713508,0.317074
WC713509,0.038093
WC713510,0.012271
WC713511,0.02334
WC713512,0.006881
WC713513,0.004398
WC713514,0.182215
WC713515,0.225292
WC713516,0.007989
WC713517,0.00243
WC713518,0.007858
WC713519,0.006477
WC713520,0.009062
WC713521,0.00318
WC713522,0.009319
WC713523,0.005729
WC713524,0.016448
WC713525,0.00394
WC713526,0.010148
WC713527,0.002683
WC713528,0.198326
WC713529,0.006015
WC713530,0.004988
WC713531,0.008056
WC713532,0.005129
WC713533,0.004597
WC713534,0.670799
WC713535,0.00264
WC713536,0.011448
WC713537,0.002796
WC713538,0.020768
WC713539,0.019493
WC713540,0.007247
WC713541,0.008394
WC713542,0.049902
WC713543,0.00591
WC713544,0.005335
WC713545,0.004513
WC713546,0.094918
WC713547,0.008124
WC713548,0.00473
WC713549,0.004533
WC713550,0.006256
WC713551,0.051046
WC713552,0.081242
WC713553,0.011043
WC713554,0.002319
WC713555,0.003678
WC713556,0.013277
WC713557,0.002832
WC713558,0.003001
WC713559,0.004713
WC713560,0.003241
WC713561,0.005046
WC713562,0.010689
WC713563,0.008065
WC713564,0.011179
WC713565,0.006645
WC713566,0.012221
WC713567,0.012758
WC713568,0.006398
WC713569,0.008469
WC713570,0.010947
WC713571,0.101381
WC713572,0.007636
WC713573,0.321582
WC713574,0.002728
WC713575,0.004761
WC713576,0.014316
WC713577,0.004706
WC713578,0.0182
WC713579,0.012647
WC713580,0.004168
WC713581,0.022932
WC713582,0.01145
WC713583,0.004783
WC713584,0.00936
WC713585,0.023755
WC713586,0.093216
WC713587,0.014462
WC713588,0.003159
WC713589,0.002475
WC713590,0.005596
WC713591,0.00941
WC713592,0.003084
WC713593,0.003871
WC713594,0.019454
WC713595,0.011314
WC713596,0.013774
WC713597,0.001544
WC713598,0.004125
WC713599,0.003017
