claim_id,t,partner_id,claim_amount_inr,partner_inspected,is_fraud,score,month,flagged
WC711165,2026-06-23 19:15:00,SP3095,8237.0,Y,0.0,0.31566487144626815,2026-06,True
WC711029,2026-06-17 22:33:00,SP3292,1525.0,N,0.0,0.3106343381142017,2026-06,True
WC711130,2026-06-22 01:59:00,SP3129,1995.0,N,0.0,0.29390508411355964,2026-06,True
WC710873,2026-06-11 20:24:00,SP3319,1995.0,N,0.0,0.24156192073756283,2026-06,True
WC710829,2026-06-09 23:45:00,SP3226,1129.0,N,0.0,0.20640959431364939,2026-06,True
WC710893,2026-06-12 20:31:00,SP3129,832.0,N,0.0,0.20134596102200703,2026-06,True
WC711222,2026-06-26 02:44:00,SP3095,13112.0,N,0.0,0.18096171900411756,2026-06,True
WC711008,2026-06-16 21:33:00,SP3305,1794.0,N,0.0,0.1700099863183601,2026-06,True
WC710946,2026-06-14 10:43:00,SP3129,1995.0,N,0.0,0.15496316650506303,2026-06,True
WC711102,2026-06-20 23:00:00,SP3232,2234.0,Y,0.0,0.14409832867271039,2026-06,True
WC710804,2026-06-09 00:41:00,SP3318,1313.0,N,0.0,0.08103335657343888,2026-06,True
WC711021,2026-06-17 12:04:00,SP3231,1693.0,N,0.0,0.07966809762196611,2026-06,True
WC710950,2026-06-14 15:24:00,SP3315,560.0,N,0.0,0.07617778552123258,2026-06,True
WC710816,2026-06-09 09:20:00,SP3317,1995.0,N,0.0,0.05208906798102041,2026-06,True
WC711091,2026-06-20 11:10:00,SP3223,777.0,N,0.0,0.047455289354051244,2026-06,True
WC711342,2026-06-30 17:46:00,SP3194,641.0,N,0.0,0.046801931119976256,2026-06,True
WC710793,2026-06-08 14:17:00,SP3009,1995.0,N,0.0,0.04671116527650464,2026-06,True
WC711009,2026-06-16 21:44:00,SP3318,1379.0,N,0.0,0.04468066387773377,2026-06,True
WC710664,2026-06-02 18:56:00,SP3293,1995.0,N,0.0,0.04453616181582597,2026-06,True
WC711192,2026-06-24 16:31:00,SP3149,895.0,N,0.0,0.04341947006654029,2026-06,True
WC711296,2026-06-29 03:38:00,SP3010,975.0,N,0.0,0.0405401926636718,2026-06,True
WC710730,2026-06-05 15:08:00,SP3071,3404.0,Y,0.0,0.02837442913561891,2026-06,True
WC710935,2026-06-14 01:33:00,SP3207,5584.0,Y,0.0,0.026816534731510265,2026-06,True
WC711062,2026-06-18 22:29:00,SP3027,1054.0,N,0.0,0.022212526347076402,2026-06,True
